<?xml version="1.0" encoding="UTF-8" standalone="yes"?>
<addon id="service.zerotier-one"
       name="ZeroTier One"
       version="12.0.0.4"
       provider-name="Team LibreELEC">
  <requires>
    <import addon="xbmc.python" version="3.0.0"/>

  </requires>
  <extension point="xbmc.service" library="default.py">
    <provides></provides>
  </extension>
  <extension point="xbmc.addon.metadata">
    <summary>ZeroTier One: securely connect any device, anywhere</summary>
    <description>
ZeroTier One (1.14.1) lets you build modern, secure multi-point virtualized networks of almost any type. From robust peer-to-peer networking to multi-cloud mesh infrastructure, we enable global connectivity with the simplicity of a local network.
    </description>
    <disclaimer>

    </disclaimer>
    <platform>all</platform>
    <news>

    </news>
    <assets>
      <icon>resources/icon.png</icon>
      <fanart>resources/fanart.png</fanart>

    </assets>
  </extension>
</addon>
