<?xml version="1.0" encoding="UTF-8" standalone="yes"?>
<addon id="service.nordvpn"
       name="NordVPN"
       version="12.0.0.9"
       provider-name="Team LibreELEC">
  <requires>
    <import addon="xbmc.python" version="3.0.0"/>

  </requires>
  <extension point="xbmc.service" library="script.py" />
  <extension point="xbmc.python.script" library="script.py">
    <provides>executable</provides>
  </extension>
  <extension point="xbmc.addon.metadata">
    <summary>The NordVPN Linux application</summary>
    <description>
The NordVPN Linux application (3.19.1) provides a simple and user-friendly command line interface for accessing all the different features of NordVPN. Users can choose from a list of server locations around the world, or let the application automatically select the best server for them. They can also customize their connection settings, such as choosing a specific protocol or enabling the kill switch
    </description>
    <disclaimer>

    </disclaimer>
    <platform>all</platform>
    <news>

    </news>
    <assets>
      <icon>resources/icon.png</icon>
      <fanart>resources/fanart.png</fanart>

    </assets>
  </extension>
</addon>
